Postcode,SOA2001_code
BT1 2JR,
BT10 0BX,
BT11 9EA,
BT11 9FZ,
BT12 4HL,
BT12 4LP,
BT12 5EY,
BT12 5JJ,
BT12 5LT,
BT12 6AA,
BT12 6AG,
BT12 6AP,
BT12 6DD,
BT12 7AH,
BT12 7AP,
BT12 7DP,
BT13 1AD,
BT13 1FD,
BT13 1RU,
BT13 2BD,
BT13 3BW,
BT14 6AR,
BT14 6JN,
BT14 7DA,
BT14 7GB,
BT14 7QR,
BT14 8BY,
BT15 1HS,
BT15 2GE,
BT15 2GH,
BT15 3BS,
BT15 3HF,
BT15 5GF,
BT16 2LN,
BT17 0FB,
BT17 9AL,
BT18 9AD,
BT18 9DA,
BT19 6EU,
BT20 3EB,
BT20 4LD,
BT20 4XA,
BT20 5PE,
BT21 0BU,
BT22 1QT,
BT22 2PY,
BT22 2SP,
BT23 4AS,
BT23 4FH,
BT23 4LR,
BT23 5AU,
BT23 5BA,
BT23 5DT,
BT23 6AW,
BT23 7PZ,
BT24 7AD,
BT24 8AY,
BT25 1NB,
BT25 2AT,
BT26 6AW,
BT28 1JP,
BT28 1LU,
BT29 4LA,
BT29 4LN,
BT30 6BE,
BT30 6DE,
BT30 6RL,
BT30 7SF,
BT30 8RD,
BT30 9JU,
BT30 9RG,
BT31 9TU,
BT32 3GN,
BT32 3NH,
BT32 3NQ,
BT33 0AE,
BT33 0DN,
BT34 3HS,
BT34 3JD,
BT34 3NE,
BT34 4BH,
BT34 4DN,
BT34 4TH,
BT34 5LY,
BT34 5QH,
BT35 0BE,
BT35 0PB,
BT35 6BW,
BT35 7AW,
BT35 8JT,
BT35 9HD,
BT35 9JJ,
BT35 9RA,
BT36 4PP,
BT36 5EQ,
BT36 7XX,
BT37 9QN,
BT37 9QW,
BT37 9UH,
BT38 7HT,
BT38 8TP,
BT38 9TG,
BT39 0AZ,
BT39 9HL,
BT4 1NS,
BT4 1NT,
BT4 3HZ,
BT4 3LH,
BT40 1PB,
BT40 1XH,
BT41 3AE,
BT41 3TF,
BT41 4BS,
BT41 4HR,
BT42 1AA,
BT42 1GP,
BT42 1NW,
BT42 2PB,
BT42 3JU,
BT42 4JA,
BT43 5BA,
BT43 5BY,
BT43 5HB,
BT43 6HB,
BT43 6JD,
BT44 0AB,
BT44 0TE,
BT44 8AD,
BT44 8QB,
BT44 9LF,
BT45 5DD,
BT45 6BL,
BT45 6ED,
BT45 7AG,
BT45 7LJ,
BT45 8AZ,
BT46 5EA,
BT47 3AB,
BT47 4AB,
BT47 4RS,
BT47 4TD,
BT47 6AH,
BT48 0LZ,
BT48 6LD,
BT48 7DH,
BT48 7ER,
BT48 7GW,
BT48 7NN,
BT48 7NY,
BT48 8NL,
BT48 9DN,
BT49 0NA,
BT49 0TE,
BT5 4ES,
BT5 4FT,
BT5 4NH,
BT5 4PX,
BT5 5DY,
BT5 5FB,
BT5 5FP,
BT5 7BP,
BT5 7LH,
BT51 3HP,
BT51 4TW,
BT51 5AE,
BT51 5QP,
BT52 1JB,
BT52 1JX,
BT53 6HB,
BT53 6HH,
BT53 8TY,
BT54 6BA,
BT55 7EF,
BT55 7SW,
BT56 8DW,
BT57 8QP,
BT6 8DR,
BT6 9DL,
BT6 9EY,
BT6 9HL,
BT60 1TA,
BT60 2RP,
BT60 3TU,
BT60 4QT,
BT61 7QG,
BT61 9PD,
BT62 2AN,
BT62 3BU,
BT62 3NJ,
BT63 6JS,
BT65 5BE,
BT66 6BW,
BT66 6JB,
BT66 7LR,
BT66 8BA,
BT66 8DW,
BT67 0DD,
BT67 0LQ,
BT67 9AA,
BT67 9BW,
BT69 6AF,
BT7 1HH,
BT7 1JL,
BT7 1NP,
BT7 2EB,
BT7 2GG,
BT7 3GG,
BT7 3GR,
BT70 1HN,
BT70 1HW,
BT70 1HX,
BT70 2EY,
BT71 4AU,
BT71 4LP,
BT71 4LS,
BT71 5HY,
BT71 7SL,
BT74 6NN,
BT75 0ND,
BT78 2BB,
BT78 3AU,
BT78 4BW,
BT78 4QY,
BT78 4SB,
BT79 0NR,
BT79 8DL,
BT79 9JR,
BT8 6GR,
BT8 8HR,
BT80 0DP,
BT80 8BH,
BT80 8BN,
BT80 8PE,
BT81 7AZ,
BT82 0NB,
BT82 8AS,
BT82 9AF,
BT9 6AA,
BT9 6GR,
BT9 7HR,
BT92 0FP,
BT92 0GT,
BT92 1BZ,
BT92 6JT,
BT92 7LT,
BT92 9LB,
BT93 0AR,
BT93 3FY,
BT93 6HW,
BT94 1EH,
BT94 3LU,
BT94 4JG,
BT94 4PB,
